{"cameraMode":{"drawMode":0,"name":"Shaded","section":"Shading Mode"},"sceneLighting":false,"audioPlay":false,"sceneViewState":{"m_AlwaysRefresh":false,"showFog":true,"showSkybox":false,"showFlares":true,"showImageEffects":true,"showParticleSystems":true,"showVisualEffectGraphs":true,"m_FxEnabled":true},"in2DMode":false,"pivot":{"x":0.08444333076477051,"y":-0.2358003854751587,"z":0.017621994018554689},"rotation":{"x":-0.06177706643939018,"y":0.9163812398910523,"z":-0.15570899844169618,"w":-0.3635718822479248},"size":1.415992021560669,"orthographic":false}